id	path	language	kind	start_line	end_line	sha256	text
C3950843225	CNAME	text	source	1	1	aaa2e4f765f75cae1783462f17e56a6e625d3c32b36d868e07d2b1cd1d63d002	ponto.fisamtour.com\n
C1783498519	app.js	javascript	source	1	120	ac564f992fb3167a89f41c55a136be1e98c3de504af6ce1408f575c5e005732d	/**\n * FISAM Tour - Site estático (Dashboard)\n * Integração com Google Sheets virá via Apps Script (API_URL).\n */\n\nconst CONFIG = {\n  INSTAGRAM_URL: "https://instagram.com/fisamtour",\n  WHATSAPP_URL: "https://wa.me/5511910218890",\n  API_URL: "https://script.google.com/macros/s/AKfycbwcakddghwC4hQrfO7spmNHk-O4CEwZMYf227v_rNqwVFPXBnAbpCTMhy1EdPC2X_Sd/exec",\n  API_TOKEN: "fisam-licitacoes-2025-secreto",\n  USE_MOCK: false, // deixe true enquanto não tiver API\n};\n\nconst $ = (s) => document.querySelector(s);\n\nconst els = {\n  year: $("#year"),\n  instagram: $("#linkInstagram"),\n  whatsapp: $("#linkWhatsApp"),\n\n  competencia: $("#competencia"),\n  q: $("#q"),\n  status: $("#status"),\n\n  btnRefresh: $("#btnRefresh"),\n  btnNew: $("#btnNew"),\n  btnExport: $("#btnExport"),\n  btnCloseMonth: $("#btnCloseMonth"),\n\n  tbody: $("#tbody"),\n  countInfo: $("#countInfo"),\n\n  sumReceitas: $("#sumReceitas"),\n  sumDespesas: $("#sumDespesas"),\n  sumSaldo: $("#sumSaldo"),\n\n  modal: $("#modal"),\n  confirm: $("#confirm"),\n  confirmText: $("#confirmText"),\n  confirmOk: $("#confirmOk"),\n\n  form: $("#form"),\n  modalTitle: $("#modalTitle"),\n\n  f_data: $("#f_data"),\n  f_tipo: $("#f_tipo"),\n  f_licitacao: $("#f_licitacao"),\n  f_status: $("#f_status"),\n  f_categoria: $("#f_categoria"),\n  f_fornecedor: $("#f_fornecedor"),\n  f_descricao: $("#f_descricao"),\n  f_valor: $("#f_valor"),\n  f_comprovante: $("#f_comprovante"),\n};\n\nlet state = {\n  rows: [],\n  editingId: null,\n};\n\nfunction brl(n) {\n  return new Intl.NumberFormat("pt-BR", { style: "currency", currency: "BRL" }).format(n || 0);\n}\n\nfunction parseMoney(v) {\n  // aceita "1.234,56" ou "1234.56"\n  const s = String(v ?? "").trim().replace(/\\./g, "").replace(",", ".");\n  const n = Number(s);\n  return Number.isFinite(n) ? n : 0;\n}\n\nfunction monthToday() {\n  const d = new Date();\n  const mm = String(d.getMonth() + 1).padStart(2, "0");\n  return `${d.getFullYear()}-${mm}`;\n}\n\nfunction openModal(editRow = null) {\n  state.editingId = editRow ? editRow.id : null;\n  els.modalTitle.textContent = editRow ? "Editar lançamento" : "Novo lançamento";\n\n  if (editRow) {\n    els.f_data.value = editRow.data;\n    els.f_tipo.value = editRow.tipo;\n    els.f_licitacao.value = editRow.licitacao;\n    els.f_status.value = editRow.status;\n    els.f_categoria.value = editRow.categoria;\n    els.f_fornecedor.value = editRow.fornecedor || "";\n    els.f_descricao.value = editRow.descricao || "";\n    els.f_valor.value = String(editRow.valor).replace(".", ",");\n    els.f_comprovante.value = editRow.comprovante_url || "";\n  } else {\n    els.form.reset();\n    els.f_data.value = new Date().toISOString().slice(0, 10);\n    els.f_tipo.value = "receita";\n    els.f_status.value = "em_andamento";\n  }\n\n  els.modal.setAttribute("aria-hidden", "false");\n}\n\nfunction closeModal() {\n  els.modal.setAttribute("aria-hidden", "true");\n}\n\nfunction openConfirm(text, onOk) {\n  els.confirmText.textContent = text;\n  els.confirm.setAttribute("aria-hidden", "false");\n  const handler = () => {\n    els.confirmOk.removeEventListener("click", handler);\n    els.confirm.setAttribute("aria-hidden", "true");\n    onOk();\n  };\n  els.confirmOk.addEventListener("click", handler);\n}\n\nfunction closeConfirm() {\n  els.confirm.setAttribute("aria-hidden", "true");\n}\n\n
C1635618217	app.js	javascript	source	97	216	ac564f992fb3167a89f41c55a136be1e98c3de504af6ce1408f575c5e005732d	  }\n\n  els.modal.setAttribute("aria-hidden", "false");\n}\n\nfunction closeModal() {\n  els.modal.setAttribute("aria-hidden", "true");\n}\n\nfunction openConfirm(text, onOk) {\n  els.confirmText.textContent = text;\n  els.confirm.setAttribute("aria-hidden", "false");\n  const handler = () => {\n    els.confirmOk.removeEventListener("click", handler);\n    els.confirm.setAttribute("aria-hidden", "true");\n    onOk();\n  };\n  els.confirmOk.addEventListener("click", handler);\n}\n\nfunction closeConfirm() {\n  els.confirm.setAttribute("aria-hidden", "true");\n}\n\nfunction attachModalClose(modalEl) {\n  modalEl.addEventListener("click", (e) => {\n    const close = e.target?.getAttribute?.("data-close");\n    if (close === "1") {\n      modalEl.setAttribute("aria-hidden", "true");\n    }\n  });\n}\n\nfunction filterRows(rows) {\n  const q = els.q.value.trim().toLowerCase();\n  const status = els.status.value;\n\n  return rows.filter((r) => {\n    const matchStatus = (status === "all") ? true : r.status === status;\n    const hay = [\n      r.licitacao, r.tipo, r.categoria, r.fornecedor, r.descricao\n    ].filter(Boolean).join(" ").toLowerCase();\n    const matchQ = q ? hay.includes(q) : true;\n    return matchStatus && matchQ;\n  });\n}\n\nfunction computeSummary(rows) {\n  let receitas = 0;\n  let despesas = 0;\n\n  for (const r of rows) {\n    if (r.tipo === "receita") receitas += r.valor;\n    else despesas += r.valor;\n  }\n  els.sumReceitas.textContent = brl(receitas);\n  els.sumDespesas.textContent = brl(despesas);\n  els.sumSaldo.textContent = brl(receitas - despesas);\n}\n\nfunction badge(tipo) {\n  const cls = tipo === "receita" ? "badge badge--receita" : "badge badge--despesa";\n  return `<span class="${cls}">${tipo}</span>`;\n}\n\nfunction renderTable(rows) {\n  const filtered = filterRows(rows);\n  computeSummary(filtered);\n\n  els.countInfo.textContent = `${filtered.length} itens`;\n\n  els.tbody.innerHTML = filtered.map((r) => `\n    <tr>\n      <td>${r.data.split("-").reverse().join("/")}</td>\n      <td>${escapeHtml(r.licitacao)}</td>\n      <td>${badge(r.tipo)}</td>\n      <td>${escapeHtml(r.categoria)}</td>\n      <td>${escapeHtml(r.fornecedor || "-")}</td>\n      <td>${escapeHtml(r.descricao || "-")}${r.comprovante_url ? ` • <a class="link" href="${r.comprovante_url}" target="_blank" rel="noopener">comprovante</a>` : ""}</td>\n      <td class="right">${brl(r.valor)}</td>\n      <td class="right">\n        <div class="row-actions">\n          <button class="btn btn--outline" data-edit="${r.id}">Editar</button>\n          <button class="btn btn--ghost" data-del="${r.id}">Excluir</button>\n        </div>\n      </td>\n    </tr>\n  `).join("");\n\n  // actions\n  els.tbody.querySelectorAll("[data-edit]").forEach((b) => {\n    b.addEventListener("click", () => {\n      const id = b.getAttribute("data-edit");\n      const row = state.rows.find(x => x.id === id);\n      if (row) openModal(row);\n    });\n  });\n\n  els.tbody.querySelectorAll("[data-del]").forEach((b) => {\n    b.addEventListener("click", () => {\n      const id = b.getAttribute("data-del");\n      openConfirm("Deseja excluir este lançamento?", async () => {\n        await deleteRow(id);\n      });\n    });\n  });\n}\n\nfunction escapeHtml(s) {\n  return String(s ?? "")\n    .replaceAll("&", "&amp;")\n    .replaceAll("<", "&lt;")\n    .replaceAll(">", "&gt;")\n    .replaceAll('"', "&quot;")\n    .replaceAll("'", "&#039;");\n}\n\n/* ------------------- Data layer ------------------- */\n\nfunction mockData(competencia) {\n
C2853063507	app.js	javascript	source	193	312	ac564f992fb3167a89f41c55a136be1e98c3de504af6ce1408f575c5e005732d	  });\n\n  els.tbody.querySelectorAll("[data-del]").forEach((b) => {\n    b.addEventListener("click", () => {\n      const id = b.getAttribute("data-del");\n      openConfirm("Deseja excluir este lançamento?", async () => {\n        await deleteRow(id);\n      });\n    });\n  });\n}\n\nfunction escapeHtml(s) {\n  return String(s ?? "")\n    .replaceAll("&", "&amp;")\n    .replaceAll("<", "&lt;")\n    .replaceAll(">", "&gt;")\n    .replaceAll('"', "&quot;")\n    .replaceAll("'", "&#039;");\n}\n\n/* ------------------- Data layer ------------------- */\n\nfunction mockData(competencia) {\n  // exemplo: use isso só pra ver a UI\n  return [\n    {\n      id: "1",\n      competencia,\n      data: `${competencia}-03`,\n      licitacao: "PE 52/2025 • Licitação Turismo",\n      status: "em_andamento",\n      tipo: "receita",\n      categoria: "comissão",\n      fornecedor: "—",\n      descricao: "Comissão estimada do mês",\n      valor: 3200.00,\n      comprovante_url: "",\n    },\n    {\n      id: "2",\n      competencia,\n      data: `${competencia}-08`,\n      licitacao: "PE 52/2025 • Licitação Turismo",\n      status: "em_andamento",\n      tipo: "despesa",\n      categoria: "taxas",\n      fornecedor: "Operadora",\n      descricao: "Taxas operacionais",\n      valor: 450.50,\n      comprovante_url: "",\n    },\n    {\n      id: "3",\n      competencia,\n      data: `${competencia}-14`,\n      licitacao: "Processo 11/2025 • Órgão X",\n      status: "ganho",\n      tipo: "receita",\n      categoria: "passagens",\n      fornecedor: "—",\n      descricao: "Emissão de passagens (faturado)",\n      valor: 7800.00,\n      comprovante_url: "",\n    }\n  ];\n}\n\nasync function fetchRows(competencia) {\n  if (CONFIG.USE_MOCK || !CONFIG.API_URL) {\n    return mockData(competencia);\n  }\n\n  const url = `${CONFIG.API_URL}?op=list&competencia=${encodeURIComponent(competencia)}`+`&token=${encodeURIComponent(CONFIG.API_TOKEN)}`;\n  const res = await fetch(url);\n  if (!res.ok) throw new Error("Falha ao carregar dados da API");\n  const json = await res.json();\n\n  if (!json.ok) throw new Error(json.error || "Erro na API");\n  return json.rows || [];\n}\n\nasync function saveRow(row) {\n  if (CONFIG.USE_MOCK || !CONFIG.API_URL) {\n    // mock: salva em memória\n    if (state.editingId) {\n      state.rows = state.rows.map(r => r.id === state.editingId ? { ...row, id: state.editingId } : r);\n    } else {\n      state.rows = [{ ...row, id: String(Date.now()) }, ...state.rows];\n    }\n    renderTable(state.rows);\n    return;\n  }\n\n  const op = state.editingId ? "update" : "add";\n  const payload = { op, token: CONFIG.API_TOKEN, row: { ...row, id: state.editingId || undefined } };\n\n  const res = await fetch(CONFIG.API_URL, {\n    method: "POST",\n    headers: { "Content-Type":"text/plain;charset=utf-8" },\n    body: JSON.stringify(payload),\n  });\n  if (!res.ok) throw new Error("Falha ao salvar na API");\n  await refresh();\n}\n\nasync function deleteRow(id) {\n  if (CONFIG.USE_MOCK || !CONFIG.API_URL) {\n    state.rows = state.rows.filter(r => r.id !== id);\n    renderTable(state.rows);\n    return;\n  }\n\n  const res = await fetch(CONFIG.API_URL, {\n    method: "POST",\n    headers: { "Content-Type":"text/plain;charset=utf-8" },\n    body: JSON.stringify({ op: "delete", token: CONFIG.API_TOKEN, id }),\n  });\n  if (!res.ok) throw new Error("Falha ao excluir na API");\n  await refresh();\n
C3511400605	app.js	javascript	source	289	408	ac564f992fb3167a89f41c55a136be1e98c3de504af6ce1408f575c5e005732d	\n  const res = await fetch(CONFIG.API_URL, {\n    method: "POST",\n    headers: { "Content-Type":"text/plain;charset=utf-8" },\n    body: JSON.stringify(payload),\n  });\n  if (!res.ok) throw new Error("Falha ao salvar na API");\n  await refresh();\n}\n\nasync function deleteRow(id) {\n  if (CONFIG.USE_MOCK || !CONFIG.API_URL) {\n    state.rows = state.rows.filter(r => r.id !== id);\n    renderTable(state.rows);\n    return;\n  }\n\n  const res = await fetch(CONFIG.API_URL, {\n    method: "POST",\n    headers: { "Content-Type":"text/plain;charset=utf-8" },\n    body: JSON.stringify({ op: "delete", token: CONFIG.API_TOKEN, id }),\n  });\n  if (!res.ok) throw new Error("Falha ao excluir na API");\n  await refresh();\n}\n\nasync function closeMonth(competencia) {\n  if (CONFIG.USE_MOCK || !CONFIG.API_URL) {\n    alert("Mock: mês fechado (aqui depois vai chamar a API e gerar invoice).");\n    return;\n  }\n\n  const res = await fetch(CONFIG.API_URL, {\n    method: "POST",\n    headers: { "Content-Type":"text/plain;charset=utf-8" },\n    body: JSON.stringify({ op: "closeMonth", token: CONFIG.API_TOKEN, competencia }),\n  });\n  if (!res.ok) throw new Error("Falha ao fechar mês");\n  const json = await res.json();\n  // Ex.: json.invoicePdfUrl\n  alert("Mês fechado com sucesso!");\n  await refresh();\n}\n\nasync function fetchOptions() {\n  if (CONFIG.USE_MOCK || !CONFIG.API_URL) {\n    return {\n      licitacoes: [{ id:"L1", nome:"PE 52/2025 • Órgão X" }],\n      fornecedores: [{ id:"F1", nome:"Operadora" }]\n    };\n  }\n\n  const url = `${CONFIG.API_URL}?op=options&token=${encodeURIComponent(CONFIG.API_TOKEN)}`;\n  const res = await fetch(url);\n  if (!res.ok) throw new Error("Falha ao carregar options");\n  const json = await res.json();\n  if (!json.ok) throw new Error(json.error || "Erro options");\n  return json;\n}\n\nfunction fillSelect(selectEl, items, placeholder = "Selecione…", allowEmpty = false) {\n  const current = selectEl.value;\n  selectEl.innerHTML = "";\n\n  const opt0 = document.createElement("option");\n  opt0.textContent = placeholder;\n  opt0.value = "";\n  opt0.disabled = !allowEmpty;\n  opt0.selected = true;\n  selectEl.appendChild(opt0);\n\n  if (allowEmpty) {\n    opt0.disabled = false;\n  }\n\n  for (const it of items) {\n    const o = document.createElement("option");\n    o.value = it.nome;\n    o.textContent = it.nome;\n    selectEl.appendChild(o);\n  }\n\n  // tenta preservar seleção se houver\n  if (current) selectEl.value = current;\n}\n\n/* ------------------- UI actions ------------------- */\n\nasync function refresh() {\n  const competencia = els.competencia.value || monthToday();\n  const rows = await fetchRows(competencia);\n  state.rows = rows;\n  renderTable(state.rows);\n}\n\nfunction exportCSV() {\n  const filtered = filterRows(state.rows);\n  const header = ["data","licitacao","status","tipo","categoria","fornecedor","descricao","valor","comprovante_url"];\n  const lines = [header.join(",")];\n\n  for (const r of filtered) {\n    const row = [\n      r.data, r.licitacao, r.status, r.tipo, r.categoria,\n      r.fornecedor || "", r.descricao || "", String(r.valor), r.comprovante_url || ""\n    ].map(v => `"${String(v).replaceAll('"','""')}"`);\n    lines.push(row.join(","));\n  }\n\n  const blob = new Blob([lines.join("\\n")], { type: "text/csv;charset=utf-8" });\n  const a = document.createElement("a");\n  a.href = URL.createObjectURL(blob);\n  a.download = `fisam_lancamentos_${els.competencia.value || monthToday()}.csv`;\n  a.click();\n}\n\nfunction wire() {\n  els.year.textContent = String(new Date().getFullYear());\n\n  els.instagram.href = CONFIG.INSTAGRAM_URL;\n  els.whatsapp.href = CONFIG.WHATSAPP_URL;\n
C1669878763	app.js	javascript	source	385	461	ac564f992fb3167a89f41c55a136be1e98c3de504af6ce1408f575c5e005732d	  const filtered = filterRows(state.rows);\n  const header = ["data","licitacao","status","tipo","categoria","fornecedor","descricao","valor","comprovante_url"];\n  const lines = [header.join(",")];\n\n  for (const r of filtered) {\n    const row = [\n      r.data, r.licitacao, r.status, r.tipo, r.categoria,\n      r.fornecedor || "", r.descricao || "", String(r.valor), r.comprovante_url || ""\n    ].map(v => `"${String(v).replaceAll('"','""')}"`);\n    lines.push(row.join(","));\n  }\n\n  const blob = new Blob([lines.join("\\n")], { type: "text/csv;charset=utf-8" });\n  const a = document.createElement("a");\n  a.href = URL.createObjectURL(blob);\n  a.download = `fisam_lancamentos_${els.competencia.value || monthToday()}.csv`;\n  a.click();\n}\n\nfunction wire() {\n  els.year.textContent = String(new Date().getFullYear());\n\n  els.instagram.href = CONFIG.INSTAGRAM_URL;\n  els.whatsapp.href = CONFIG.WHATSAPP_URL;\n\n  els.competencia.value = monthToday();\n\n  els.btnRefresh.addEventListener("click", refresh);\n  els.btnNew.addEventListener("click", () => openModal(null));\n  els.btnExport.addEventListener("click", exportCSV);\n  els.btnCloseMonth.addEventListener("click", () => {\n    const c = els.competencia.value || monthToday();\n    openConfirm(`Confirmar fechamento da competência ${c}?`, () => closeMonth(c));\n  });\n\n  els.q.addEventListener("input", () => renderTable(state.rows));\n  els.status.addEventListener("change", () => renderTable(state.rows));\n  els.competencia.addEventListener("change", refresh);\n\n  els.form.addEventListener("submit", async (e) => {\n    e.preventDefault();\n\n    const competencia = els.competencia.value || monthToday();\n    const row = {\n      competencia,\n      data: els.f_data.value,\n      tipo: els.f_tipo.value,\n      licitacao: els.f_licitacao.value.trim(),\n      status: els.f_status.value,\n      categoria: els.f_categoria.value.trim(),\n      fornecedor: els.f_fornecedor.value.trim(),\n      descricao: els.f_descricao.value.trim(),\n      valor: parseMoney(els.f_valor.value),\n      comprovante_url: els.f_comprovante.value.trim(),\n    };\n\n    if (!row.data || !row.tipo || !row.licitacao || !row.categoria || !Number.isFinite(row.valor)) {\n      alert("Preencha os campos obrigatórios.");\n      return;\n    }\n\n    await saveRow(row);\n    closeModal();\n  });\n\n  attachModalClose(els.modal);\n  attachModalClose(els.confirm);\n}\n\n(async function init(){\n  wire();\n  await refresh();\n  const opts = await fetchOptions();\nfillSelect(els.f_licitacao, opts.licitacoes, "Selecione a licitação…", false);\nfillSelect(els.f_fornecedor, opts.fornecedores, "Selecione o fornecedor…", true);\n\n})();\n
C3113653988	index.html	html	source	1	120	7eb3c2010c39d44c41ee2c1b0561e4ed608550906279f88750661f88eafc7c53	<!doctype html>\n<html lang="pt-BR">\n<head>\n  <meta charset="utf-8" />\n  <meta name="viewport" content="width=device-width, initial-scale=1" />\n  <title>FISAM Tour | Controle de Licitações</title>\n  <meta name="description" content="Dashboard de licitações e fechamento mensal (FISAM Tour)." />\n\n  <link rel="preconnect" href="https://fonts.googleapis.com">\n  <link rel="preconnect" href="https://fonts.gstatic.com" crossorigin>\n  <link href="https://fonts.googleapis.com/css2?family=Playfair+Display:wght@600;700&family=Inter:wght@300;400;500;600&display=swap" rel="stylesheet">\n\n  <link rel="stylesheet" href="./styles.css" />\n</head>\n\n<body>\n  <header class="header">\n    <div class="container header__inner">\n      <div class="brand">\n        <!-- Troque por sua logo -->\n        <img src="./logo.png" alt="FISAM Tour" class="brand__logo" />\n        <div class="brand__text">\n          <div class="brand__name">FISAM TOUR</div>\n          <div class="brand__tag">Painel de Licitações • Fechamento Mensal</div>\n        </div>\n      </div>\n\n      <div class="header__actions">\n        <button class="btn btn--ghost" id="btnExport">Exportar CSV</button>\n        <button class="btn btn--primary" id="btnNew">Novo lançamento</button>\n      </div>\n    </div>\n  </header>\n\n  <main class="container">\n    <!-- Top controls -->\n    <section class="panel">\n      <div class="panel__row">\n        <div class="field">\n          <label class="field__label">Competência</label>\n          <input class="field__input" type="month" id="competencia" />\n        </div>\n\n        <div class="field">\n          <label class="field__label">Buscar</label>\n          <input class="field__input" type="search" id="q" placeholder="Ex.: pregão, órgão, fornecedor, destino..." />\n        </div>\n\n        <div class="field">\n          <label class="field__label">Status</label>\n          <select class="field__input" id="status">\n            <option value="all">Todos</option>\n            <option value="em_andamento">Em andamento</option>\n            <option value="ganho">Ganho</option>\n            <option value="perdido">Perdido</option>\n          </select>\n        </div>\n\n        <div class="panel__right">\n          <button class="btn btn--outline" id="btnRefresh">Atualizar</button>\n          <button class="btn btn--primary" id="btnCloseMonth">Fechar mês</button>\n        </div>\n      </div>\n\n      <!-- Summary cards -->\n      <div class="summary">\n        <div class="summary__card">\n          <div class="summary__label">Receitas</div>\n          <div class="summary__value" id="sumReceitas">R$ 0,00</div>\n          <div class="summary__hint">Total da competência</div>\n        </div>\n\n        <div class="summary__card">\n          <div class="summary__label">Despesas</div>\n          <div class="summary__value" id="sumDespesas">R$ 0,00</div>\n          <div class="summary__hint">Total da competência</div>\n        </div>\n\n        <div class="summary__card summary__card--strong">\n          <div class="summary__label">Saldo</div>\n          <div class="summary__value" id="sumSaldo">R$ 0,00</div>\n          <div class="summary__hint">Receitas − Despesas</div>\n        </div>\n      </div>\n    </section>\n\n    <!-- Table -->\n    <section class="panel">\n      <div class="panel__head">\n        <h2 class="title">Lançamentos</h2>\n        <div class="muted" id="countInfo">0 itens</div>\n      </div>\n\n      <div class="table-wrap">\n        <table class="table" aria-label="Tabela de lançamentos">\n          <thead>\n            <tr>\n              <th>Data</th>\n              <th>Licitação</th>\n              <th>Tipo</th>\n              <th>Categoria</th>\n              <th>Fornecedor</th>\n              <th>Descrição</th>\n              <th class="right">Valor</th>\n              <th class="right">Ações</th>\n            </tr>\n          </thead>\n          <tbody id="tbody">\n            <!-- preenchido via JS -->\n          </tbody>\n        </table>\n      </div>\n    </section>\n\n    <footer class="footer">\n      <div>© <span id="year"></span> FISAM Tour • Controle interno</div>\n      <div class="footer__links">\n        <a href="#" id="linkInstagram" target="_blank" rel="noopener">Instagram</a>\n        <a href="#" id="linkWhatsApp" target="_blank" rel="noopener">WhatsApp</a>\n      </div>\n
C2771653529	index.html	html	source	97	216	7eb3c2010c39d44c41ee2c1b0561e4ed608550906279f88750661f88eafc7c53	            <tr>\n              <th>Data</th>\n              <th>Licitação</th>\n              <th>Tipo</th>\n              <th>Categoria</th>\n              <th>Fornecedor</th>\n              <th>Descrição</th>\n              <th class="right">Valor</th>\n              <th class="right">Ações</th>\n            </tr>\n          </thead>\n          <tbody id="tbody">\n            <!-- preenchido via JS -->\n          </tbody>\n        </table>\n      </div>\n    </section>\n\n    <footer class="footer">\n      <div>© <span id="year"></span> FISAM Tour • Controle interno</div>\n      <div class="footer__links">\n        <a href="#" id="linkInstagram" target="_blank" rel="noopener">Instagram</a>\n        <a href="#" id="linkWhatsApp" target="_blank" rel="noopener">WhatsApp</a>\n      </div>\n    </footer>\n  </main>\n\n  <!-- Modal: Novo/Editar -->\n  <div class="modal" id="modal" aria-hidden="true">\n    <div class="modal__backdrop" data-close="1"></div>\n    <div class="modal__card" role="dialog" aria-modal="true" aria-labelledby="modalTitle">\n      <div class="modal__head">\n        <h3 class="modal__title" id="modalTitle">Novo lançamento</h3>\n        <button class="iconbtn" aria-label="Fechar" data-close="1">✕</button>\n      </div>\n\n      <form id="form">\n        <div class="grid2">\n          <div class="field">\n            <label class="field__label">Data</label>\n            <input class="field__input" type="date" id="f_data" required>\n          </div>\n\n          <div class="field">\n            <label class="field__label">Tipo</label>\n            <select class="field__input" id="f_tipo" required>\n              <option value="receita">Receita</option>\n              <option value="despesa">Despesa</option>\n            </select>\n          </div>\n\n          <div class="field">\n            <label class="field__label">Licitação</label>\n<select class="field__input" id="f_licitacao" required>\n  <option value="" disabled selected>Selecione…</option>\n</select>\n          </div>\n\n          <div class="field">\n            <label class="field__label">Status</label>\n            <select class="field__input" id="f_status" required>\n              <option value="em_andamento">Em andamento</option>\n              <option value="ganho">Ganho</option>\n              <option value="perdido">Perdido</option>\n            </select>\n          </div>\n\n          <div class="field">\n            <label class="field__label">Categoria</label>\n            <input class="field__input" id="f_categoria" placeholder="Ex.: passagens, hotel, taxa, comissão" required>\n          </div>\n\n          <div class="field">\n            <label class="field__label">Fornecedor</label>\n            <select class="field__input" id="f_fornecedor">\n            <option value="" selected>Selecione…</option>\n            </select>\n          </div>\n\n          <div class="field grid2__full">\n            <label class="field__label">Descrição</label>\n            <input class="field__input" id="f_descricao" placeholder="Ex.: emissão + bagagem + taxas">\n          </div>\n\n          <div class="field">\n            <label class="field__label">Valor (R$)</label>\n            <input class="field__input" id="f_valor" inputmode="decimal" placeholder="Ex.: 1250,00" required>\n            <div class="hint">Use vírgula ou ponto. Ex.: 1250,00</div>\n          </div>\n\n          <div class="field">\n            <label class="field__label">Comprovante (URL)</label>\n            <input class="field__input" id="f_comprovante" placeholder="https://...">\n          </div>\n        </div>\n\n        <div class="modal__actions">\n          <button type="button" class="btn btn--outline" data-close="1">Cancelar</button>\n          <button type="submit" class="btn btn--primary" id="btnSave">Salvar</button>\n        </div>\n      </form>\n    </div>\n  </div>\n\n  <!-- Modal: Confirm -->\n  <div class="modal" id="confirm" aria-hidden="true">\n    <div class="modal__backdrop" data-close="1"></div>\n    <div class="modal__card modal__card--small" role="dialog" aria-modal="true" aria-labelledby="confirmTitle">\n      <div class="modal__head">\n        <h3 class="modal__title" id="confirmTitle">Confirmar</h3>\n        <button class="iconbtn" aria-label="Fechar" data-close="1">✕</button>\n      </div>\n      <div class="confirm__text" id="confirmText"></div>\n      <div class="modal__actions">\n        <button class="btn btn--outline" data-close="1">Cancelar</button>\n        <button class="btn btn--primary" id="confirmOk">OK</button>\n      </div>\n    </div>\n  </div>\n\n
C2312117024	index.html	html	source	193	219	7eb3c2010c39d44c41ee2c1b0561e4ed608550906279f88750661f88eafc7c53	        <div class="modal__actions">\n          <button type="button" class="btn btn--outline" data-close="1">Cancelar</button>\n          <button type="submit" class="btn btn--primary" id="btnSave">Salvar</button>\n        </div>\n      </form>\n    </div>\n  </div>\n\n  <!-- Modal: Confirm -->\n  <div class="modal" id="confirm" aria-hidden="true">\n    <div class="modal__backdrop" data-close="1"></div>\n    <div class="modal__card modal__card--small" role="dialog" aria-modal="true" aria-labelledby="confirmTitle">\n      <div class="modal__head">\n        <h3 class="modal__title" id="confirmTitle">Confirmar</h3>\n        <button class="iconbtn" aria-label="Fechar" data-close="1">✕</button>\n      </div>\n      <div class="confirm__text" id="confirmText"></div>\n      <div class="modal__actions">\n        <button class="btn btn--outline" data-close="1">Cancelar</button>\n        <button class="btn btn--primary" id="confirmOk">OK</button>\n      </div>\n    </div>\n  </div>\n\n  <script src="./app.js"></script>\n</body>\n</html>\n
C2116083784	styles.css	css	source	1	120	59a46bdc15b81448c0c4dc16271c015ba73be665a14464181bb0b7300dca519b	:root{\n  /* FISAM (verde + dourado do logo) */\n  --green:#474B28;\n  --green-2:#3E4224;\n  --gold:#F5E1B3;\n  --gold-2:#A79D75;\n\n  --bg:#F6F6F2;\n  --text:#1E2430;\n  --muted:#5B6576;\n  --card:#FFFFFF;\n\n  --stroke: rgba(62,66,36,.18);\n  --shadow: 0 16px 36px rgba(18,18,18,.08);\n\n  --radius: 18px;\n  --radius-sm: 12px;\n  --max: 1120px;\n}\n\n*{box-sizing:border-box}\nhtml{scroll-behavior:smooth}\nbody{\n  margin:0;\n  font-family: Inter, system-ui, -apple-system, Segoe UI, Roboto, Arial, sans-serif;\n  color: var(--text);\n  background: var(--bg);\n}\n\nimg{max-width:100%;display:block}\na{color:inherit;text-decoration:none}\n\n.container{\n  width:min(var(--max), calc(100% - 48px));\n  margin: 0 auto;\n}\n\n/* Header */\n.header{\n  position: sticky;\n  top:0;\n  z-index: 50;\n  background: rgba(246,246,242,.90);\n  backdrop-filter: blur(10px);\n  border-bottom: 1px solid rgba(167,157,117,.22);\n}\n.header__inner{\n  display:flex;\n  align-items:center;\n  justify-content:space-between;\n  gap:18px;\n  padding: 14px 0;\n}\n.brand{\n  display:flex;\n  align-items:center;\n  gap:12px;\n  min-width: 240px;\n}\n.brand__logo{height:44px;width:auto}\n.brand__name{\n  font-family: "Playfair Display", serif;\n  letter-spacing: .08em;\n  font-weight: 700;\n  color: var(--green-2);\n  line-height: 1.1;\n}\n.brand__tag{\n  font-size: .92rem;\n  color: var(--muted);\n}\n.header__actions{display:flex;gap:10px;align-items:center}\n\n/* Buttons */\n.btn{\n  display:inline-flex;\n  align-items:center;\n  justify-content:center;\n  padding: 11px 16px;\n  border-radius: 999px;\n  border: 1px solid transparent;\n  cursor:pointer;\n  font-weight: 700;\n  transition: transform .15s ease, filter .15s ease;\n  user-select:none;\n  white-space:nowrap;\n}\n.btn:hover{transform: translateY(-1px); filter: brightness(1.02)}\n.btn:active{transform: translateY(0)}\n.btn--primary{\n  background: linear-gradient(135deg, var(--gold), #EAD39B);\n  color: #26210F;\n  border-color: rgba(0,0,0,.06);\n  box-shadow: 0 14px 28px rgba(245,225,179,.20);\n}\n.btn--outline{\n  background:#fff;\n  border-color: rgba(167,157,117,.45);\n  color: var(--text);\n}\n.btn--ghost{\n  background: transparent;\n  border-color: rgba(167,157,117,.35);\n  color: var(--green-2);\n}\n\n/* Panels */\n.panel{\n  margin-top: 18px;\n  background: #fff;\n  border: 1px solid var(--stroke);\n  border-radius: var(--radius);\n  box-shadow: var(--shadow);\n  overflow:hidden;\n  position: relative;\n}\n.panel::before{\n  content:"";\n  position:absolute;\n  top:0; left:0; right:0;\n
C1351581445	styles.css	css	source	97	216	59a46bdc15b81448c0c4dc16271c015ba73be665a14464181bb0b7300dca519b	  background:#fff;\n  border-color: rgba(167,157,117,.45);\n  color: var(--text);\n}\n.btn--ghost{\n  background: transparent;\n  border-color: rgba(167,157,117,.35);\n  color: var(--green-2);\n}\n\n/* Panels */\n.panel{\n  margin-top: 18px;\n  background: #fff;\n  border: 1px solid var(--stroke);\n  border-radius: var(--radius);\n  box-shadow: var(--shadow);\n  overflow:hidden;\n  position: relative;\n}\n.panel::before{\n  content:"";\n  position:absolute;\n  top:0; left:0; right:0;\n  height:2px;\n  background: linear-gradient(90deg, var(--gold), transparent);\n}\n.panel__row{\n  padding: 18px;\n  display:grid;\n  grid-template-columns: 220px 1fr 220px auto;\n  gap: 12px;\n  align-items:end;\n}\n.panel__right{display:flex; gap:10px; justify-content:flex-end}\n.panel__head{\n  padding: 16px 18px;\n  display:flex;\n  align-items:baseline;\n  justify-content:space-between;\n  gap: 12px;\n  border-top: 1px solid rgba(62,66,36,.08);\n}\n\n/* Fields */\n.field{display:flex; flex-direction:column; gap:8px}\n.field__label{font-size:.9rem; color: var(--muted); font-weight:700}\n.field__input{\n  width:100%;\n  border: 1px solid rgba(62,66,36,.18);\n  background: #fff;\n  border-radius: 12px;\n  padding: 12px 12px;\n  outline:none;\n  font-size: 1rem;\n}\n.field__input:focus{\n  border-color: rgba(167,157,117,.75);\n  box-shadow: 0 0 0 4px rgba(245,225,179,.20);\n}\n.hint{font-size:.85rem; color: var(--muted)}\n\n/* Summary */\n.summary{\n  padding: 0 18px 18px;\n  display:grid;\n  grid-template-columns: repeat(3, 1fr);\n  gap: 12px;\n}\n.summary__card{\n  border: 1px solid rgba(62,66,36,.10);\n  background: linear-gradient(180deg, #fff, rgba(245,225,179,.08));\n  border-radius: 16px;\n  padding: 14px;\n}\n.summary__card--strong{\n  background: linear-gradient(180deg, rgba(71,75,40,.10), rgba(245,225,179,.12));\n}\n.summary__label{font-size:.9rem; color: var(--muted); font-weight:700}\n.summary__value{font-size:1.35rem; font-weight:800; color: var(--green-2); margin-top: 4px}\n.summary__hint{font-size:.85rem; color: var(--muted); margin-top: 6px}\n\n/* Table */\n.table-wrap{overflow:auto}\n.table{\n  width:100%;\n  border-collapse: collapse;\n}\n.table th, .table td{\n  padding: 12px 14px;\n  border-top: 1px solid rgba(62,66,36,.10);\n  font-size: .95rem;\n}\n.table thead th{\n  position: sticky;\n  top: 0;\n  background: #fff;\n  z-index: 1;\n  font-size: .85rem;\n  letter-spacing: .06em;\n  text-transform: uppercase;\n  color: var(--muted);\n}\n.right{text-align:right}\n.badge{\n  display:inline-flex;\n  align-items:center;\n  padding: 6px 10px;\n  border-radius: 999px;\n  border: 1px solid rgba(167,157,117,.45);\n  background: rgba(245,225,179,.20);\n  color: #4A452A;\n  font-weight: 800;\n  font-size: .78rem;\n  letter-spacing: .04em;\n  text-transform: uppercase;\n}\n.badge--receita{border-color: rgba(71,75,40,.30)}\n.badge--despesa{border-color: rgba(167,157,117,.60)}\n.row-actions{display:flex; gap:8px; justify-content:flex-end}\n
C2282723188	styles.css	css	source	193	312	59a46bdc15b81448c0c4dc16271c015ba73be665a14464181bb0b7300dca519b	  background: #fff;\n  z-index: 1;\n  font-size: .85rem;\n  letter-spacing: .06em;\n  text-transform: uppercase;\n  color: var(--muted);\n}\n.right{text-align:right}\n.badge{\n  display:inline-flex;\n  align-items:center;\n  padding: 6px 10px;\n  border-radius: 999px;\n  border: 1px solid rgba(167,157,117,.45);\n  background: rgba(245,225,179,.20);\n  color: #4A452A;\n  font-weight: 800;\n  font-size: .78rem;\n  letter-spacing: .04em;\n  text-transform: uppercase;\n}\n.badge--receita{border-color: rgba(71,75,40,.30)}\n.badge--despesa{border-color: rgba(167,157,117,.60)}\n.row-actions{display:flex; gap:8px; justify-content:flex-end}\n.link{\n  color: var(--green-2);\n  font-weight: 800;\n  text-decoration: underline;\n  text-decoration-color: rgba(167,157,117,.65);\n}\n\n/* Footer */\n.footer{\n  margin: 18px 0 26px;\n  padding: 16px 0;\n  display:flex;\n  align-items:center;\n  justify-content:space-between;\n  gap: 12px;\n  color: var(--muted);\n}\n.footer__links{display:flex; gap:14px}\n.footer__links a{color: var(--green-2); font-weight: 800}\n\n/* Modal */\n.modal{\n  position: fixed;\n  inset: 0;\n  display:none;\n  align-items:center;\n  justify-content:center;\n  padding: 18px;\n  z-index: 100;\n}\n.modal[aria-hidden="false"]{display:flex}\n.modal__backdrop{\n  position:absolute; inset:0;\n  background: rgba(0,0,0,.45);\n}\n.modal__card{\n  position: relative;\n  width: min(760px, 100%);\n  background:#fff;\n  border-radius: var(--radius);\n  border: 1px solid rgba(62,66,36,.18);\n  box-shadow: 0 24px 60px rgba(0,0,0,.22);\n  overflow:hidden;\n}\n.modal__card--small{width:min(520px,100%)}\n.modal__card::before{\n  content:"";\n  position:absolute;\n  top:0; left:0; right:0;\n  height:2px;\n  background: linear-gradient(90deg, var(--gold), transparent);\n}\n.modal__head{\n  padding: 14px 16px;\n  display:flex;\n  align-items:center;\n  justify-content:space-between;\n  gap: 12px;\n  border-bottom: 1px solid rgba(62,66,36,.10);\n}\n.modal__title{\n  margin:0;\n  font-family:"Playfair Display", serif;\n  letter-spacing:.02em;\n}\n.iconbtn{\n  border:none;\n  background: transparent;\n  cursor:pointer;\n  font-size: 18px;\n  padding: 10px 12px;\n  border-radius: 12px;\n}\n.iconbtn:hover{background: rgba(71,75,40,.06)}\n.modal form{padding: 16px}\n.grid2{\n  display:grid;\n  grid-template-columns: 1fr 1fr;\n  gap: 12px;\n}\n.grid2__full{grid-column: 1 / -1}\n.modal__actions{\n  display:flex;\n  justify-content:flex-end;\n  gap: 10px;\n  padding: 12px 16px 16px;\n  border-top: 1px solid rgba(62,66,36,.10);\n}\n.confirm__text{padding: 14px 16px; color: var(--text);}\n\n.title{margin:0; font-family:"Playfair Display", serif;}\n.muted{color: var(--muted)}\n\n/* Responsive */\n@media (max-width: 980px){\n  .panel__row{grid-template-columns: 1fr; align-items:stretch}\n
C1714520205	styles.css	css	source	289	320	59a46bdc15b81448c0c4dc16271c015ba73be665a14464181bb0b7300dca519b	}\n.iconbtn:hover{background: rgba(71,75,40,.06)}\n.modal form{padding: 16px}\n.grid2{\n  display:grid;\n  grid-template-columns: 1fr 1fr;\n  gap: 12px;\n}\n.grid2__full{grid-column: 1 / -1}\n.modal__actions{\n  display:flex;\n  justify-content:flex-end;\n  gap: 10px;\n  padding: 12px 16px 16px;\n  border-top: 1px solid rgba(62,66,36,.10);\n}\n.confirm__text{padding: 14px 16px; color: var(--text);}\n\n.title{margin:0; font-family:"Playfair Display", serif;}\n.muted{color: var(--muted)}\n\n/* Responsive */\n@media (max-width: 980px){\n  .panel__row{grid-template-columns: 1fr; align-items:stretch}\n  .panel__right{justify-content:stretch}\n  .panel__right .btn{flex:1}\n  .summary{grid-template-columns: 1fr}\n  .header__inner{flex-wrap:wrap}\n  .header__actions{width:100%}\n  .header__actions .btn{flex:1}\n  .grid2{grid-template-columns: 1fr}\n}\n
